optimizer,dataset,seed,status,mse,best_pos,time_sec,conv_hist,pos_hist,evals,error,opt_params
COO,synthetic,2,ok,24.13063622,"[0.0, 0.89512805, 0.76167736, 0.48624335, 0.98350041, 0.44660171, 0.20718741, 0.44861513, 0.03583891, 1.0]",95514.8556,"[-24.283199310302734, -24.16288185119629, -24.14333724975586, -23.837846755981445, -23.837846755981445, -23.837846755981445, -23.673389434814453, -23.673389434814453, -23.673389434814453, -23.554790496826172, -23.554790496826172, -23.554790496826172, -23.554790496826172, -23.554790496826172, -23.554790496826172, -23.554790496826172, -23.554790496826172, -23.554790496826172, -23.554790496826172]","[array([0.45653991, 0.92493606, 0.44069462, 0.20265051, 0.99565704,
       0.72394346, 0.12967015, 0.52820653, 0.30625421, 0.88191081]), array([0.        , 0.81060221, 0.82013823, 0.60786845, 0.9806384 ,
       0.5357396 , 0.52062113, 0.12248058, 0.44968165, 0.97639689]), array([0.86874025, 0.16794073, 0.7195099 , 0.1476618 , 0.7063911 ,
       0.11675367, 0.40625064, 0.39056587, 0.        , 0.59103105]), array([0.00264384, 0.00563509, 0.52020722, 0.33578827, 0.47571903,
       0.58347277, 1.        , 0.27549483, 0.306671  , 0.94742387]), array([0.00264384, 0.00563509, 0.52020722, 0.33578827, 0.47571903,
       0.58347277, 1.        , 0.27549483, 0.306671  , 0.94742387]), array([0.00264384, 0.00563509, 0.52020722, 0.33578827, 0.47571903,
       0.58347277, 1.        , 0.27549483, 0.306671  , 0.94742387]), array([0.        , 0.54742903, 0.26007283, 0.42070201, 1.        ,
       0.31934061, 0.88462488, 0.18642257, 0.23586538, 1.        ]), array([0.        , 0.54742903, 0.26007283, 0.42070201, 1.        ,
       0.31934061, 0.88462488, 0.18642257, 0.23586538, 1.        ]), array([0.        , 0.54742903, 0.26007283, 0.42070201, 1.        ,
       0.31934061, 0.88462488, 0.18642257, 0.23586538, 1.        ]), array([0.        , 0.89512805, 0.76167736, 0.48624335, 0.98350041,
       0.44660171, 0.20718741, 0.44861513, 0.03583891, 1.        ]), array([0.        , 0.89512805, 0.76167736, 0.48624335, 0.98350041,
       0.44660171, 0.20718741, 0.44861513, 0.03583891, 1.        ]), array([0.        , 0.89512805, 0.76167736, 0.48624335, 0.98350041,
       0.44660171, 0.20718741, 0.44861513, 0.03583891, 1.        ]), array([0.        , 0.89512805, 0.76167736, 0.48624335, 0.98350041,
       0.44660171, 0.20718741, 0.44861513, 0.03583891, 1.        ]), array([0.        , 0.89512805, 0.76167736, 0.48624335, 0.98350041,
       0.44660171, 0.20718741, 0.44861513, 0.03583891, 1.        ]), array([0.        , 0.89512805, 0.76167736, 0.48624335, 0.98350041,
       0.44660171, 0.20718741, 0.44861513, 0.03583891, 1.        ]), array([0.        , 0.89512805, 0.76167736, 0.48624335, 0.98350041,
       0.44660171, 0.20718741, 0.44861513, 0.03583891, 1.        ]), array([0.        , 0.89512805, 0.76167736, 0.48624335, 0.98350041,
       0.44660171, 0.20718741, 0.44861513, 0.03583891, 1.        ]), array([0.        , 0.89512805, 0.76167736, 0.48624335, 0.98350041,
       0.44660171, 0.20718741, 0.44861513, 0.03583891, 1.        ]), array([0.        , 0.89512805, 0.76167736, 0.48624335, 0.98350041,
       0.44660171, 0.20718741, 0.44861513, 0.03583891, 1.        ])]",7271,,"{'n_packs': 6, 'init_pack_size': 27, 'min_pack_size': 9, 'surrogate_enabled': True, 'surrogate_kind': 'gp', 'surrogate_min_samples': 35, 'surrogate_retrain_freq': 10, 'uncertainty_threshold': 0.23994362910538697, 'surrogate_min_r2_activate': 0.3634159012386432, 'surrogate_min_r2_deactivate': 0.5208787923016158, 'grad_refinement_pct_init': 0.024164622299156457, 'gradient_step_init': 0.11849199770905948, 'elitist_diversity_threshold': 0.001227380098785297}"
COO,synthetic,1,ok,26.22074509,"[0.35705142, 1.0, 0.46432131, 0.54257913, 1.0, 0.83805247, 1.0, 0.49477315, 0.0, 1.0]",96757.7923,"[-25.07695770263672, -24.61308479309082, -24.61308479309082, -24.61308479309082, -24.61308479309082, -24.446359634399414, -24.446359634399414, -24.446359634399414, -24.446359634399414, -23.934045791625977, -23.934045791625977, -23.934045791625977, -23.934045791625977, -23.934045791625977, -23.934045791625977, -23.934045791625977, -23.934045791625977, -23.934045791625977, -23.934045791625977]","[array([0.57117574, 0.18046851, 0.6309592 , 0.98092368, 0.87490255,
       0.45183625, 0.70846087, 0.77746875, 0.49484308, 0.52853349]), array([0.47986355, 0.87785915, 0.15394751, 0.28327291, 0.47276738,
       1.        , 0.94053824, 0.        , 0.33141892, 1.        ]), array([0.47986355, 0.87785915, 0.15394751, 0.28327291, 0.47276738,
       1.        , 0.94053824, 0.        , 0.33141892, 1.        ]), array([0.47986355, 0.87785915, 0.15394751, 0.28327291, 0.47276738,
       1.        , 0.94053824, 0.        , 0.33141892, 1.        ]), array([0.47986355, 0.87785915, 0.15394751, 0.28327291, 0.47276738,
       1.        , 0.94053824, 0.        , 0.33141892, 1.        ]), array([0.49501263, 1.        , 0.72694283, 0.23508771, 1.        ,
       0.95636532, 1.        , 0.        , 0.31566821, 0.66642215]), array([0.49501263, 1.        , 0.72694283, 0.23508771, 1.        ,
       0.95636532, 1.        , 0.        , 0.31566821, 0.66642215]), array([0.49501263, 1.        , 0.72694283, 0.23508771, 1.        ,
       0.95636532, 1.        , 0.        , 0.31566821, 0.66642215]), array([0.49501263, 1.        , 0.72694283, 0.23508771, 1.        ,
       0.95636532, 1.        , 0.        , 0.31566821, 0.66642215]), array([0.35705142, 1.        , 0.46432131, 0.54257913, 1.        ,
       0.83805247, 1.        , 0.49477315, 0.        , 1.        ]), array([0.35705142, 1.        , 0.46432131, 0.54257913, 1.        ,
       0.83805247, 1.        , 0.49477315, 0.        , 1.        ]), array([0.35705142, 1.        , 0.46432131, 0.54257913, 1.        ,
       0.83805247, 1.        , 0.49477315, 0.        , 1.        ]), array([0.35705142, 1.        , 0.46432131, 0.54257913, 1.        ,
       0.83805247, 1.        , 0.49477315, 0.        , 1.        ]), array([0.35705142, 1.        , 0.46432131, 0.54257913, 1.        ,
       0.83805247, 1.        , 0.49477315, 0.        , 1.        ]), array([0.35705142, 1.        , 0.46432131, 0.54257913, 1.        ,
       0.83805247, 1.        , 0.49477315, 0.        , 1.        ]), array([0.35705142, 1.        , 0.46432131, 0.54257913, 1.        ,
       0.83805247, 1.        , 0.49477315, 0.        , 1.        ]), array([0.35705142, 1.        , 0.46432131, 0.54257913, 1.        ,
       0.83805247, 1.        , 0.49477315, 0.        , 1.        ]), array([0.35705142, 1.        , 0.46432131, 0.54257913, 1.        ,
       0.83805247, 1.        , 0.49477315, 0.        , 1.        ]), array([0.35705142, 1.        , 0.46432131, 0.54257913, 1.        ,
       0.83805247, 1.        , 0.49477315, 0.        , 1.        ])]",7272,,"{'n_packs': 6, 'init_pack_size': 27, 'min_pack_size': 9, 'surrogate_enabled': True, 'surrogate_kind': 'gp', 'surrogate_min_samples': 35, 'surrogate_retrain_freq': 10, 'uncertainty_threshold': 0.23994362910538697, 'surrogate_min_r2_activate': 0.3634159012386432, 'surrogate_min_r2_deactivate': 0.5208787923016158, 'grad_refinement_pct_init': 0.024164622299156457, 'gradient_step_init': 0.11849199770905948, 'elitist_diversity_threshold': 0.001227380098785297}"
COO,synthetic,0,ok,21.95314598,"[1.0, 0.75917275, 0.12428066, 0.59453664, 1.0, 0.72144855, 0.59384696, 0.58685293, 1.0, 0.62913169]",187437.3913,"[-22.82253074645996, -22.82253074645996, -22.82253074645996, -22.799840927124023, -22.799840927124023, -22.5273380279541, -22.5273380279541, -22.5273380279541, -22.5273380279541, -22.43490219116211, -22.43490219116211, -22.43490219116211, -22.43490219116211, -22.43490219116211, -22.43490219116211, -22.43490219116211, -22.43490219116211, -22.288930892944336, -22.288930892944336, -22.288930892944336, -21.95314598083496, -21.95314598083496, -21.95314598083496, -21.95314598083496, -21.95314598083496, -21.95314598083496, -21.95314598083496, -21.95314598083496, -21.95314598083496, -21.95314598083496]","[array([0.04551071, 0.1979828 , 0.40477363, 0.60127717, 0.77193087,
       0.41308613, 0.71005831, 0.7898695 , 0.3172602 , 0.97927024]), array([0.04551071, 0.1979828 , 0.40477363, 0.60127717, 0.77193087,
       0.41308613, 0.71005831, 0.7898695 , 0.3172602 , 0.97927024]), array([0.04551071, 0.1979828 , 0.40477363, 0.60127717, 0.77193087,
       0.41308613, 0.71005831, 0.7898695 , 0.3172602 , 0.97927024]), array([0.25668071, 0.41245053, 0.92716961, 0.53148158, 0.76509477,
       1.        , 0.11217855, 0.83149647, 0.27396799, 0.97816639]), array([0.25668071, 0.41245053, 0.92716961, 0.53148158, 0.76509477,
       1.        , 0.11217855, 0.83149647, 0.27396799, 0.97816639]), array([0.40068705, 0.25653713, 0.07168076, 0.57019108, 1.        ,
       0.84725193, 0.79268982, 0.77522227, 0.        , 0.99990496]), array([0.40068705, 0.25653713, 0.07168076, 0.57019108, 1.        ,
       0.84725193, 0.79268982, 0.77522227, 0.        , 0.99990496]), array([0.40068705, 0.25653713, 0.07168076, 0.57019108, 1.        ,
       0.84725193, 0.79268982, 0.77522227, 0.        , 0.99990496]), array([0.40068705, 0.25653713, 0.07168076, 0.57019108, 1.        ,
       0.84725193, 0.79268982, 0.77522227, 0.        , 0.99990496]), array([0.8687721 , 0.5739574 , 0.36967748, 0.54976976, 1.        ,
       0.58459575, 0.11150908, 1.        , 0.16590648, 0.791255  ]), array([0.8687721 , 0.5739574 , 0.36967748, 0.54976976, 1.        ,
       0.58459575, 0.11150908, 1.        , 0.16590648, 0.791255  ]), array([0.8687721 , 0.5739574 , 0.36967748, 0.54976976, 1.        ,
       0.58459575, 0.11150908, 1.        , 0.16590648, 0.791255  ]), array([0.8687721 , 0.5739574 , 0.36967748, 0.54976976, 1.        ,
       0.58459575, 0.11150908, 1.        , 0.16590648, 0.791255  ]), array([0.8687721 , 0.5739574 , 0.36967748, 0.54976976, 1.        ,
       0.58459575, 0.11150908, 1.        , 0.16590648, 0.791255  ]), array([0.8687721 , 0.5739574 , 0.36967748, 0.54976976, 1.        ,
       0.58459575, 0.11150908, 1.        , 0.16590648, 0.791255  ]), array([0.8687721 , 0.5739574 , 0.36967748, 0.54976976, 1.        ,
       0.58459575, 0.11150908, 1.        , 0.16590648, 0.791255  ]), array([0.8687721 , 0.5739574 , 0.36967748, 0.54976976, 1.        ,
       0.58459575, 0.11150908, 1.        , 0.16590648, 0.791255  ]), array([0.42229296, 1.        , 0.25375616, 0.52308053, 0.73496416,
       0.98317465, 0.        , 0.62813304, 0.00437344, 0.57507494]), array([0.42229296, 1.        , 0.25375616, 0.52308053, 0.73496416,
       0.98317465, 0.        , 0.62813304, 0.00437344, 0.57507494]), array([0.42229296, 1.        , 0.25375616, 0.52308053, 0.73496416,
       0.98317465, 0.        , 0.62813304, 0.00437344, 0.57507494]), array([1.        , 0.75917275, 0.12428066, 0.59453664, 1.        ,
       0.72144855, 0.59384696, 0.58685293, 1.        , 0.62913169]), array([1.        , 0.75917275, 0.12428066, 0.59453664, 1.        ,
       0.72144855, 0.59384696, 0.58685293, 1.        , 0.62913169]), array([1.        , 0.75917275, 0.12428066, 0.59453664, 1.        ,
       0.72144855, 0.59384696, 0.58685293, 1.        , 0.62913169]), array([1.        , 0.75917275, 0.12428066, 0.59453664, 1.        ,
       0.72144855, 0.59384696, 0.58685293, 1.        , 0.62913169]), array([1.        , 0.75917275, 0.12428066, 0.59453664, 1.        ,
       0.72144855, 0.59384696, 0.58685293, 1.        , 0.62913169]), array([1.        , 0.75917275, 0.12428066, 0.59453664, 1.        ,
       0.72144855, 0.59384696, 0.58685293, 1.        , 0.62913169]), array([1.        , 0.75917275, 0.12428066, 0.59453664, 1.        ,
       0.72144855, 0.59384696, 0.58685293, 1.        , 0.62913169]), array([1.        , 0.75917275, 0.12428066, 0.59453664, 1.        ,
       0.72144855, 0.59384696, 0.58685293, 1.        , 0.62913169]), array([1.        , 0.75917275, 0.12428066, 0.59453664, 1.        ,
       0.72144855, 0.59384696, 0.58685293, 1.        , 0.62913169]), array([1.        , 0.75917275, 0.12428066, 0.59453664, 1.        ,
       0.72144855, 0.59384696, 0.58685293, 1.        , 0.62913169])]",10481,,"{'n_packs': 6, 'init_pack_size': 27, 'min_pack_size': 9, 'surrogate_enabled': True, 'surrogate_kind': 'gp', 'surrogate_min_samples': 35, 'surrogate_retrain_freq': 10, 'uncertainty_threshold': 0.23994362910538697, 'surrogate_min_r2_activate': 0.3634159012386432, 'surrogate_min_r2_deactivate': 0.5208787923016158, 'grad_refinement_pct_init': 0.024164622299156457, 'gradient_step_init': 0.11849199770905948, 'elitist_diversity_threshold': 0.001227380098785297}"
DE,synthetic,1,ok,24.16341209,"[0.40943069, 0.44643161, 0.06330688, 0.46531773, 0.99644663, 0.45384948, 0.70840468, 0.24076023, 0.28547268, 0.77212749]",15793.245,"[24.544734954833984, 24.544734954833984, 25.256914138793945, 24.544734954833984, 25.663898468017578, 27.623170852661133, 27.276159286499023, 26.249135971069336, 26.911691665649414, 29.2719783782959, 26.999622344970703, 27.21284294128418, 26.911691665649414, 25.61944580078125, 24.868276596069336, 26.911691665649414, 25.422252655029297, 27.353403091430664, 26.9939022064209, 26.30017852783203, 26.9939022064209, 26.9939022064209, 26.51819610595703, 26.46497344970703, 26.440217971801758, 27.283483505249023, 26.576337814331055, 26.361902236938477, 25.36180305480957, 26.787752151489258, 24.948057174682617, 25.89290428161621, 25.53077507019043, 24.97852325439453, 26.9939022064209]",,6840,,"{'popsize': 19, 'mutation': 0.3092130483097056, 'recombination': 0.316995890252152}"
DE,synthetic,2,ok,23.31990623,"[0.57707939, 0.4579624, 0.86123054, 0.5461513, 0.95262863, 0.37873139, 0.43209066, 0.91881988, 0.08054856, 0.69536232]",18806.8044,"[23.748104095458984, 25.952373504638672, 23.537561416625977, 24.312936782836914, 24.436931610107422, 23.971330642700195, 25.80613899230957, 24.513704299926758, 24.860939025878906, 25.242197036743164, 25.147846221923828, 24.937639236450195, 23.64491081237793, 27.180606842041016, 26.274330139160156, 24.945234298706055, 26.128023147583008, 26.34920883178711, 23.6711483001709, 24.039836883544922, 24.10721778869629, 24.817625045776367, 25.335620880126953, 24.8146915435791, 24.49999237060547, 27.526567459106445, 25.98773193359375, 24.651390075683594, 25.65165138244629, 24.086956024169922, 25.98773193359375, 25.806982040405273, 24.52061653137207, 25.027099609375, 24.11315155029297, 24.479066848754883, 24.77482032775879, 25.027923583984375, 25.647605895996094, 24.094865798950195, 25.98773193359375, 23.834423065185547, 25.049116134643555, 25.98773193359375, 25.98773193359375, 24.876880645751953, 24.66893768310547, 25.98773193359375, 24.130979537963867, 24.95030403137207]",,9690,,"{'popsize': 19, 'mutation': 0.3092130483097056, 'recombination': 0.316995890252152}"
DE,synthetic,0,ok,19.86649513,"[0.96323863, 0.24610351, 0.02232722, 0.42953729, 0.12828934, 0.82616955, 0.72580413, 0.47004874, 0.04737, 0.68199093]",21011.5912,"[24.195722579956055, 24.99222755432129, 23.63318634033203, 23.473344802856445, 24.031442642211914, 25.14600944519043, 22.25643539428711, 25.188426971435547, 22.695934295654297, 25.231475830078125, 24.661426544189453, 22.648202896118164, 28.37406349182129, 30.692066192626953, 25.298246383666992, 32.47787094116211, 28.2597599029541, 32.76084518432617, 31.08551025390625, 20.416790008544922, 28.925655364990234, 27.018495559692383, 31.86075782775879, 22.04468536376953, 30.928165435791016, 33.66083908081055, 26.80141830444336, 23.454591751098633, 20.416790008544922, 32.29230499267578, 25.783329010009766, 32.717254638671875, 39.1839599609375, 20.416790008544922, 25.00481414794922, 30.69426918029785, 26.280229568481445, 20.416790008544922, 27.112668991088867, 20.416790008544922, 27.989948272705078, 20.416790008544922, 20.416790008544922, 20.416790008544922, 20.416790008544922, 20.416790008544922, 20.3077449798584, 20.3077449798584, 19.86649513244629, 19.86649513244629]",,9690,,"{'popsize': 19, 'mutation': 0.3092130483097056, 'recombination': 0.316995890252152}"
COO,boston,0,ok,86.08533478,"[0.75916842, 0.14073767, 0.85633348, 0.46670483, 0.27794264, 0.3628356, 1.0, 0.37842869, 0.0, 0.82394044]",34825.3589,"[-84.9417495727539, -83.30745697021484, -82.00701141357422, -79.3405532836914, -79.3405532836914, -79.3405532836914, -79.3405532836914, -79.3405532836914, -79.3405532836914, -79.3405532836914, -79.3405532836914, -79.3405532836914, -79.3405532836914]","[array([0.73481377, 0.17649939, 0.93916091, 0.50631222, 0.99980858,
       0.19725947, 0.5349082 , 0.29024804, 0.30417356, 0.59106538]), array([0.99750419, 0.88119844, 0.54788019, 0.27485088, 1.        ,
       0.00840972, 0.90908688, 0.02348519, 0.00468262, 0.91613339]), array([6.82879087e-04, 5.90292740e-01, 2.28861433e-01, 4.43417376e-01,
       7.17394793e-01, 3.96694048e-01, 5.54591061e-01, 2.88787896e-01,
       6.54092094e-02, 9.98184942e-01]), array([0.75916842, 0.14073767, 0.85633348, 0.46670483, 0.27794264,
       0.3628356 , 1.        , 0.37842869, 0.        , 0.82394044]), array([0.75916842, 0.14073767, 0.85633348, 0.46670483, 0.27794264,
       0.3628356 , 1.        , 0.37842869, 0.        , 0.82394044]), array([0.75916842, 0.14073767, 0.85633348, 0.46670483, 0.27794264,
       0.3628356 , 1.        , 0.37842869, 0.        , 0.82394044]), array([0.75916842, 0.14073767, 0.85633348, 0.46670483, 0.27794264,
       0.3628356 , 1.        , 0.37842869, 0.        , 0.82394044]), array([0.75916842, 0.14073767, 0.85633348, 0.46670483, 0.27794264,
       0.3628356 , 1.        , 0.37842869, 0.        , 0.82394044]), array([0.75916842, 0.14073767, 0.85633348, 0.46670483, 0.27794264,
       0.3628356 , 1.        , 0.37842869, 0.        , 0.82394044]), array([0.75916842, 0.14073767, 0.85633348, 0.46670483, 0.27794264,
       0.3628356 , 1.        , 0.37842869, 0.        , 0.82394044]), array([0.75916842, 0.14073767, 0.85633348, 0.46670483, 0.27794264,
       0.3628356 , 1.        , 0.37842869, 0.        , 0.82394044]), array([0.75916842, 0.14073767, 0.85633348, 0.46670483, 0.27794264,
       0.3628356 , 1.        , 0.37842869, 0.        , 0.82394044]), array([0.75916842, 0.14073767, 0.85633348, 0.46670483, 0.27794264,
       0.3628356 , 1.        , 0.37842869, 0.        , 0.82394044])]",5228,,"{'n_packs': 6, 'init_pack_size': 27, 'min_pack_size': 9, 'surrogate_enabled': True, 'surrogate_kind': 'gp', 'surrogate_min_samples': 35, 'surrogate_retrain_freq': 10, 'uncertainty_threshold': 0.23994362910538697, 'surrogate_min_r2_activate': 0.3634159012386432, 'surrogate_min_r2_deactivate': 0.5208787923016158, 'grad_refinement_pct_init': 0.024164622299156457, 'gradient_step_init': 0.11849199770905948, 'elitist_diversity_threshold': 0.001227380098785297}"
DE,boston,1,ok,86.07263184,"[0.89674675, 0.00068149, 0.34467816, 0.59055142, 0.671894, 0.72892969, 0.71814401, 0.94933785, 0.26308381, 0.86528724]",49958.6789,"[94.25729370117188, 94.66265869140625, 93.24505615234375, 104.01319122314453, 90.64502716064453, 90.64502716064453, 90.64502716064453, 98.34811401367188, 97.82820892333984, 115.85542297363281, 109.4862289428711, 122.31531524658203, 118.9922866821289, 107.07388305664062, 116.08365631103516, 101.46368408203125, 129.81515502929688, 108.66775512695312, 129.81515502929688, 105.83837127685547, 129.81515502929688, 107.04324340820312, 116.19212341308594, 111.91901397705078, 124.11531066894531, 114.11970520019531, 107.06952667236328, 103.9695053100586, 110.67097473144531, 94.95747375488281, 125.20857238769531, 125.42698669433594, 99.0841293334961, 125.42698669433594, 102.08036804199219, 119.9207763671875, 115.26878356933594, 113.75241088867188, 112.45849609375, 102.18380737304688, 107.8555679321289, 124.38817596435547, 121.11714935302734, 117.61699676513672, 104.44223022460938, 122.13664245605469, 125.42698669433594, 98.30453491210938, 119.43602752685547, 108.31954956054688]",,12750,,"{'popsize': 25, 'mutation': 0.3486373774747933, 'recombination': 0.3363687254053255}"
DE,boston,0,ok,75.41563416,"[0.56819859, 0.2859629, 0.28398121, 0.32494795, 0.07368991, 0.61311017, 0.97666929, 0.26249418, 0.2695986, 0.7208251]",58462.0858,"[88.34834289550781, 84.41412353515625, 84.11603546142578, 91.91230773925781, 83.7669677734375, 83.27269744873047, 88.45594787597656, 86.71676635742188, 91.93138122558594, 90.11509704589844, 85.77008819580078, 79.98162078857422, 81.6803970336914, 87.79014587402344, 88.9498291015625, 85.44169616699219, 85.7232437133789, 84.939453125, 91.87154388427734, 85.49537658691406, 87.67018127441406, 80.93366241455078, 87.29927062988281, 79.32820892333984, 80.93366241455078, 80.93366241455078, 82.80538940429688, 87.43453979492188, 82.11599731445312, 82.11599731445312, 80.21049499511719, 82.4354476928711, 83.00849151611328, 84.17744445800781, 82.11599731445312, 99.00067138671875, 75.84170532226562, 91.2325210571289, 90.04512023925781, 85.11283874511719, 75.84170532226562, 96.3100357055664, 109.81546783447266, 99.65496063232422, 75.41563415527344, 100.40571594238281, 90.67524719238281, 95.90624237060547, 92.37346649169922, 95.4002914428711]",,12750,,"{'popsize': 25, 'mutation': 0.3486373774747933, 'recombination': 0.3363687254053255}"
COO,boston,2,ok,102.7435837,"[0.84316589, 0.28367272, 0.31670929, 0.88193643, 1.0, 0.82431058, 0.61605033, 0.29606286, 0.61390452, 0.87967631]",67665.4309,"[-110.60974884033203, -110.60974884033203, -110.43778991699219, -110.43778991699219, -108.81024169921875, -108.81024169921875, -108.76234436035156, -108.76234436035156, -106.68013000488281, -106.1904525756836, -106.1904525756836, -105.68685150146484, -105.07535552978516, -103.04314422607422, -103.04314422607422, -103.04314422607422, -103.04314422607422, -103.04314422607422, -103.04314422607422, -100.7933578491211, -100.7933578491211, -100.7933578491211, -100.7933578491211, -100.7933578491211, -99.5955810546875, -99.5955810546875, -99.5955810546875, -99.5955810546875, -99.5955810546875, -99.5955810546875, -99.5955810546875, -99.5955810546875, -99.5955810546875, -99.5955810546875]","[array([0.02914932, 0.37289288, 0.09587331, 0.19696432, 0.94242061,
       0.37127117, 0.7290008 , 0.12616011, 0.25128292, 0.8812353 ]), array([0.02914932, 0.37289288, 0.09587331, 0.19696432, 0.94242061,
       0.37127117, 0.7290008 , 0.12616011, 0.25128292, 0.8812353 ]), array([0.99671562, 0.74904761, 0.59528719, 0.09293726, 0.99402709,
       1.        , 0.68675167, 0.00381759, 0.17288542, 0.94897133]), array([0.99671562, 0.74904761, 0.59528719, 0.09293726, 0.99402709,
       1.        , 0.68675167, 0.00381759, 0.17288542, 0.94897133]), array([0.36272205, 0.48228467, 0.06921043, 0.41479457, 1.        ,
       0.44226444, 0.42271865, 0.26158757, 0.25494164, 0.85351987]), array([0.36272205, 0.48228467, 0.06921043, 0.41479457, 1.        ,
       0.44226444, 0.42271865, 0.26158757, 0.25494164, 0.85351987]), array([1.        , 1.        , 0.        , 0.23006515, 1.        ,
       0.69982923, 1.        , 0.2270452 , 0.22575207, 1.        ]), array([1.        , 1.        , 0.        , 0.23006515, 1.        ,
       0.69982923, 1.        , 0.2270452 , 0.22575207, 1.        ]), array([0.70668093, 0.22699363, 0.5274147 , 1.        , 0.927968  ,
       0.79389552, 1.        , 0.51044855, 0.51183952, 0.82050955]), array([0.74836018, 0.34878894, 0.4272723 , 0.95663147, 0.72700475,
       0.71349745, 0.8568469 , 0.48228305, 0.37889245, 0.53106542]), array([0.74836018, 0.34878894, 0.4272723 , 0.95663147, 0.72700475,
       0.71349745, 0.8568469 , 0.48228305, 0.37889245, 0.53106542]), array([0.48268396, 0.70571474, 0.29407742, 1.        , 1.        ,
       0.70479888, 1.        , 0.69986912, 0.48567012, 0.58946065]), array([0.62437857, 0.45272154, 0.89655586, 0.94625679, 0.94684905,
       1.        , 0.8135884 , 1.        , 0.55662463, 0.99110462]), array([0.55247686, 0.34662227, 0.99214938, 0.92822206, 0.9982552 ,
       0.56145141, 0.00901642, 0.56915514, 0.50166242, 0.90727555]), array([0.55247686, 0.34662227, 0.99214938, 0.92822206, 0.9982552 ,
       0.56145141, 0.00901642, 0.56915514, 0.50166242, 0.90727555]), array([0.55247686, 0.34662227, 0.99214938, 0.92822206, 0.9982552 ,
       0.56145141, 0.00901642, 0.56915514, 0.50166242, 0.90727555]), array([0.55247686, 0.34662227, 0.99214938, 0.92822206, 0.9982552 ,
       0.56145141, 0.00901642, 0.56915514, 0.50166242, 0.90727555]), array([0.55247686, 0.34662227, 0.99214938, 0.92822206, 0.9982552 ,
       0.56145141, 0.00901642, 0.56915514, 0.50166242, 0.90727555]), array([0.55247686, 0.34662227, 0.99214938, 0.92822206, 0.9982552 ,
       0.56145141, 0.00901642, 0.56915514, 0.50166242, 0.90727555]), array([0.74538869, 0.79064528, 1.        , 0.90962701, 0.99261287,
       0.667553  , 0.04302786, 0.54986166, 0.6509198 , 0.56538697]), array([0.74538869, 0.79064528, 1.        , 0.90962701, 0.99261287,
       0.667553  , 0.04302786, 0.54986166, 0.6509198 , 0.56538697]), array([0.74538869, 0.79064528, 1.        , 0.90962701, 0.99261287,
       0.667553  , 0.04302786, 0.54986166, 0.6509198 , 0.56538697]), array([0.74538869, 0.79064528, 1.        , 0.90962701, 0.99261287,
       0.667553  , 0.04302786, 0.54986166, 0.6509198 , 0.56538697]), array([0.74538869, 0.79064528, 1.        , 0.90962701, 0.99261287,
       0.667553  , 0.04302786, 0.54986166, 0.6509198 , 0.56538697]), array([0.84316589, 0.28367272, 0.31670929, 0.88193643, 1.        ,
       0.82431058, 0.61605033, 0.29606286, 0.61390452, 0.87967631]), array([0.84316589, 0.28367272, 0.31670929, 0.88193643, 1.        ,
       0.82431058, 0.61605033, 0.29606286, 0.61390452, 0.87967631]), array([0.84316589, 0.28367272, 0.31670929, 0.88193643, 1.        ,
       0.82431058, 0.61605033, 0.29606286, 0.61390452, 0.87967631]), array([0.84316589, 0.28367272, 0.31670929, 0.88193643, 1.        ,
       0.82431058, 0.61605033, 0.29606286, 0.61390452, 0.87967631]), array([0.84316589, 0.28367272, 0.31670929, 0.88193643, 1.        ,
       0.82431058, 0.61605033, 0.29606286, 0.61390452, 0.87967631]), array([0.84316589, 0.28367272, 0.31670929, 0.88193643, 1.        ,
       0.82431058, 0.61605033, 0.29606286, 0.61390452, 0.87967631]), array([0.84316589, 0.28367272, 0.31670929, 0.88193643, 1.        ,
       0.82431058, 0.61605033, 0.29606286, 0.61390452, 0.87967631]), array([0.84316589, 0.28367272, 0.31670929, 0.88193643, 1.        ,
       0.82431058, 0.61605033, 0.29606286, 0.61390452, 0.87967631]), array([0.84316589, 0.28367272, 0.31670929, 0.88193643, 1.        ,
       0.82431058, 0.61605033, 0.29606286, 0.61390452, 0.87967631]), array([0.84316589, 0.28367272, 0.31670929, 0.88193643, 1.        ,
       0.82431058, 0.61605033, 0.29606286, 0.61390452, 0.87967631])]",11487,,"{'n_packs': 6, 'init_pack_size': 27, 'min_pack_size': 9, 'surrogate_enabled': True, 'surrogate_kind': 'gp', 'surrogate_min_samples': 35, 'surrogate_retrain_freq': 10, 'uncertainty_threshold': 0.23994362910538697, 'surrogate_min_r2_activate': 0.3634159012386432, 'surrogate_min_r2_deactivate': 0.5208787923016158, 'grad_refinement_pct_init': 0.024164622299156457, 'gradient_step_init': 0.11849199770905948, 'elitist_diversity_threshold': 0.001227380098785297}"
DE,boston,2,ok,95.91586304,"[0.76520721, 0.26283448, 0.32213981, 0.88675439, 0.86693146, 0.42689442, 0.43883808, 0.46510644, 0.40761875, 0.70819835]",72283.7938,"[101.55723571777344, 107.97476959228516, 111.33174133300781, 107.69902038574219, 110.4873046875, 110.54920959472656, 103.55343627929688, 109.36944580078125, 112.11685943603516, 104.2931900024414, 108.13860321044922, 104.693359375, 106.3345947265625, 104.17514038085938, 98.79383850097656, 100.97694396972656, 108.83987426757812, 104.4562759399414, 106.09590148925781, 105.90973663330078, 105.3313217163086, 102.61214447021484, 99.85723876953125, 96.95515441894531, 96.95515441894531, 96.95515441894531, 108.0323715209961, 107.2033920288086, 102.03961944580078, 99.37202453613281, 103.83649444580078, 103.51283264160156, 99.11034393310547, 98.6334228515625, 98.6334228515625, 98.6334228515625, 101.70097351074219, 98.6334228515625, 98.6334228515625, 98.6334228515625, 98.6334228515625, 100.49253845214844, 98.6334228515625, 98.6334228515625, 98.6334228515625, 98.6334228515625, 98.6334228515625, 98.6334228515625, 98.6334228515625, 98.6334228515625]",,12750,,"{'popsize': 25, 'mutation': 0.3486373774747933, 'recombination': 0.3363687254053255}"
COO,boston,1,ok,89.8646698,"[0.41389433, 0.00062862, 0.20393993, 0.58527736, 0.85936726, 0.0, 0.72621736, 1.0, 0.24229848, 0.67832534]",87302.6313,"[-94.85430908203125, -93.41019439697266, -93.41019439697266, -93.41019439697266, -90.59565734863281, -90.59565734863281, -90.59565734863281, -90.59565734863281, -90.59565734863281, -90.59565734863281, -89.86466979980469, -89.86466979980469, -89.86466979980469, -89.86466979980469, -89.86466979980469, -89.86466979980469, -89.86466979980469, -89.86466979980469, -89.86466979980469, -89.86466979980469]","[array([0.91077283, 0.36655664, 0.43359233, 0.51229269, 0.93888648,
       0.03094901, 0.71687866, 0.89101895, 0.02728722, 0.52205125]), array([0.50811392, 0.        , 0.133996  , 0.21454534, 0.73495903,
       0.80898446, 0.18490676, 0.44463858, 0.24455321, 1.        ]), array([0.50811392, 0.        , 0.133996  , 0.21454534, 0.73495903,
       0.80898446, 0.18490676, 0.44463858, 0.24455321, 1.        ]), array([0.50811392, 0.        , 0.133996  , 0.21454534, 0.73495903,
       0.80898446, 0.18490676, 0.44463858, 0.24455321, 1.        ]), array([0.        , 0.25957368, 0.        , 0.56793343, 0.84336244,
       0.        , 0.46525489, 0.28027415, 0.30481281, 0.66712441]), array([0.        , 0.25957368, 0.        , 0.56793343, 0.84336244,
       0.        , 0.46525489, 0.28027415, 0.30481281, 0.66712441]), array([0.        , 0.25957368, 0.        , 0.56793343, 0.84336244,
       0.        , 0.46525489, 0.28027415, 0.30481281, 0.66712441]), array([0.        , 0.25957368, 0.        , 0.56793343, 0.84336244,
       0.        , 0.46525489, 0.28027415, 0.30481281, 0.66712441]), array([0.        , 0.25957368, 0.        , 0.56793343, 0.84336244,
       0.        , 0.46525489, 0.28027415, 0.30481281, 0.66712441]), array([0.        , 0.25957368, 0.        , 0.56793343, 0.84336244,
       0.        , 0.46525489, 0.28027415, 0.30481281, 0.66712441]), array([4.13894332e-01, 6.28624183e-04, 2.03939935e-01, 5.85277363e-01,
       8.59367265e-01, 0.00000000e+00, 7.26217357e-01, 1.00000000e+00,
       2.42298480e-01, 6.78325342e-01]), array([4.13894332e-01, 6.28624183e-04, 2.03939935e-01, 5.85277363e-01,
       8.59367265e-01, 0.00000000e+00, 7.26217357e-01, 1.00000000e+00,
       2.42298480e-01, 6.78325342e-01]), array([4.13894332e-01, 6.28624183e-04, 2.03939935e-01, 5.85277363e-01,
       8.59367265e-01, 0.00000000e+00, 7.26217357e-01, 1.00000000e+00,
       2.42298480e-01, 6.78325342e-01]), array([4.13894332e-01, 6.28624183e-04, 2.03939935e-01, 5.85277363e-01,
       8.59367265e-01, 0.00000000e+00, 7.26217357e-01, 1.00000000e+00,
       2.42298480e-01, 6.78325342e-01]), array([4.13894332e-01, 6.28624183e-04, 2.03939935e-01, 5.85277363e-01,
       8.59367265e-01, 0.00000000e+00, 7.26217357e-01, 1.00000000e+00,
       2.42298480e-01, 6.78325342e-01]), array([4.13894332e-01, 6.28624183e-04, 2.03939935e-01, 5.85277363e-01,
       8.59367265e-01, 0.00000000e+00, 7.26217357e-01, 1.00000000e+00,
       2.42298480e-01, 6.78325342e-01]), array([4.13894332e-01, 6.28624183e-04, 2.03939935e-01, 5.85277363e-01,
       8.59367265e-01, 0.00000000e+00, 7.26217357e-01, 1.00000000e+00,
       2.42298480e-01, 6.78325342e-01]), array([4.13894332e-01, 6.28624183e-04, 2.03939935e-01, 5.85277363e-01,
       8.59367265e-01, 0.00000000e+00, 7.26217357e-01, 1.00000000e+00,
       2.42298480e-01, 6.78325342e-01]), array([4.13894332e-01, 6.28624183e-04, 2.03939935e-01, 5.85277363e-01,
       8.59367265e-01, 0.00000000e+00, 7.26217357e-01, 1.00000000e+00,
       2.42298480e-01, 6.78325342e-01]), array([4.13894332e-01, 6.28624183e-04, 2.03939935e-01, 5.85277363e-01,
       8.59367265e-01, 0.00000000e+00, 7.26217357e-01, 1.00000000e+00,
       2.42298480e-01, 6.78325342e-01])]",7601,,"{'n_packs': 6, 'init_pack_size': 27, 'min_pack_size': 9, 'surrogate_enabled': True, 'surrogate_kind': 'gp', 'surrogate_min_samples': 35, 'surrogate_retrain_freq': 10, 'uncertainty_threshold': 0.23994362910538697, 'surrogate_min_r2_activate': 0.3634159012386432, 'surrogate_min_r2_deactivate': 0.5208787923016158, 'grad_refinement_pct_init': 0.024164622299156457, 'gradient_step_init': 0.11849199770905948, 'elitist_diversity_threshold': 0.001227380098785297}"
DE,california,1,ok,0.25171718,"[0.72766867, 0.24227505, 0.27202465, 0.76593285, 0.50114419, 0.42552828, 0.25939687, 0.28590694, 0.39940175, 0.51915695]",162491.2944,"[0.3059074282646179, 0.3059074282646179, 0.3059074282646179, 0.3059074282646179, 0.28258389234542847, 0.27424874901771545, 0.3134815990924835, 0.32813194394111633, 0.2775964140892029, 0.32599934935569763, 0.29051491618156433, 0.3208787739276886, 0.35129615664482117, 0.2903963327407837, 0.28134483098983765, 0.3321794867515564, 0.36990660429000854, 0.31822729110717773, 0.2710193991661072, 0.2794233560562134, 0.27730658650398254, 0.266961008310318, 0.3396846354007721, 0.2921678423881531, 0.2957690954208374, 0.3032122254371643, 0.2649799883365631, 0.2743077874183655, 0.3270370066165924, 0.27615660429000854, 0.2698661983013153, 0.29344961047172546, 0.28208813071250916, 0.2817462682723999, 0.26627570390701294, 0.28359925746917725, 0.25196975469589233, 0.2843174636363983, 0.2734270393848419, 0.27088049054145813, 0.37202024459838867, 0.2935625910758972, 0.3151354193687439, 0.302164763212204, 0.27480730414390564, 0.25859513878822327, 0.29297971725463867, 0.29567331075668335, 0.28501662611961365, 0.2687983214855194]",,7140,,"{'popsize': 14, 'mutation': 0.8655000144869414, 'recombination': 0.7489954563585539}"
DE,california,0,ok,0.254423022,"[0.04804943, 0.38442183, 0.13510402, 0.90955184, 0.51969221, 0.18223421, 0.53800345, 0.16897475, 0.79597872, 0.12577009]",187595.7824,"[0.34361007809638977, 0.28095361590385437, 0.28095361590385437, 0.28095361590385437, 0.28095361590385437, 0.3261900246143341, 0.2982789874076843, 0.3231257200241089, 0.33119866251945496, 0.34341081976890564, 0.3158041834831238, 0.3071264326572418, 0.30311697721481323, 0.29928848147392273, 0.29928848147392273, 0.29928848147392273, 0.2720446288585663, 0.2720446288585663, 0.2829708158969879, 0.2918359339237213, 0.2720446288585663, 0.2958897650241852, 0.25442302227020264, 0.25442302227020264, 0.25442302227020264, 0.25442302227020264, 0.3214987814426422, 0.25442302227020264, 0.25442302227020264, 0.25442302227020264, 0.25442302227020264, 0.25442302227020264, 0.25442302227020264, 0.303933322429657, 0.25442302227020264, 0.25442302227020264, 0.25442302227020264, 0.25442302227020264, 0.34381192922592163, 0.25442302227020264, 0.25442302227020264, 0.25442302227020264, 0.25442302227020264, 0.25442302227020264, 0.25442302227020264, 0.25442302227020264, 0.25442302227020264, 0.25442302227020264, 0.25442302227020264, 0.25442302227020264]",,7140,,"{'popsize': 14, 'mutation': 0.8655000144869414, 'recombination': 0.7489954563585539}"
COO,california,0,ok,0.259529263,"[0.20233149, 0.0, 0.07163952, 0.86592184, 1.0, 0.33777546, 0.0, 0.10837841, 0.85027468, 0.34495593]",191191.688,"[-0.29793742299079895, -0.29793742299079895, -0.2858223021030426, -0.2858223021030426, -0.2858223021030426, -0.2858223021030426, -0.26138532161712646, -0.26138532161712646, -0.26138532161712646, -0.2595292627811432, -0.2595292627811432, -0.2595292627811432, -0.2595292627811432, -0.2595292627811432, -0.2595292627811432, -0.2595292627811432, -0.2595292627811432, -0.2595292627811432, -0.2595292627811432]","[array([0.97861834, 0.79915856, 0.46147936, 0.78052918, 0.11827443,
       0.63992102, 0.14335329, 0.94466892, 0.52184832, 0.41466194]), array([0.97861834, 0.79915856, 0.46147936, 0.78052918, 0.11827443,
       0.63992102, 0.14335329, 0.94466892, 0.52184832, 0.41466194]), array([0.13565482, 0.69360986, 0.09590287, 1.        , 0.91841377,
       0.72538267, 0.        , 0.39248457, 0.66690092, 0.45723131]), array([0.13565482, 0.69360986, 0.09590287, 1.        , 0.91841377,
       0.72538267, 0.        , 0.39248457, 0.66690092, 0.45723131]), array([0.13565482, 0.69360986, 0.09590287, 1.        , 0.91841377,
       0.72538267, 0.        , 0.39248457, 0.66690092, 0.45723131]), array([0.13565482, 0.69360986, 0.09590287, 1.        , 0.91841377,
       0.72538267, 0.        , 0.39248457, 0.66690092, 0.45723131]), array([0.39674554, 0.        , 0.77681317, 0.86347231, 0.99664829,
       0.37675782, 0.20444294, 0.68956747, 0.81004782, 0.15028843]), array([0.39674554, 0.        , 0.77681317, 0.86347231, 0.99664829,
       0.37675782, 0.20444294, 0.68956747, 0.81004782, 0.15028843]), array([0.39674554, 0.        , 0.77681317, 0.86347231, 0.99664829,
       0.37675782, 0.20444294, 0.68956747, 0.81004782, 0.15028843]), array([0.20233149, 0.        , 0.07163952, 0.86592184, 1.        ,
       0.33777546, 0.        , 0.10837841, 0.85027468, 0.34495593]), array([0.20233149, 0.        , 0.07163952, 0.86592184, 1.        ,
       0.33777546, 0.        , 0.10837841, 0.85027468, 0.34495593]), array([0.20233149, 0.        , 0.07163952, 0.86592184, 1.        ,
       0.33777546, 0.        , 0.10837841, 0.85027468, 0.34495593]), array([0.20233149, 0.        , 0.07163952, 0.86592184, 1.        ,
       0.33777546, 0.        , 0.10837841, 0.85027468, 0.34495593]), array([0.20233149, 0.        , 0.07163952, 0.86592184, 1.        ,
       0.33777546, 0.        , 0.10837841, 0.85027468, 0.34495593]), array([0.20233149, 0.        , 0.07163952, 0.86592184, 1.        ,
       0.33777546, 0.        , 0.10837841, 0.85027468, 0.34495593]), array([0.20233149, 0.        , 0.07163952, 0.86592184, 1.        ,
       0.33777546, 0.        , 0.10837841, 0.85027468, 0.34495593]), array([0.20233149, 0.        , 0.07163952, 0.86592184, 1.        ,
       0.33777546, 0.        , 0.10837841, 0.85027468, 0.34495593]), array([0.20233149, 0.        , 0.07163952, 0.86592184, 1.        ,
       0.33777546, 0.        , 0.10837841, 0.85027468, 0.34495593]), array([0.20233149, 0.        , 0.07163952, 0.86592184, 1.        ,
       0.33777546, 0.        , 0.10837841, 0.85027468, 0.34495593])]",7267,,"{'n_packs': 6, 'init_pack_size': 27, 'min_pack_size': 9, 'surrogate_enabled': True, 'surrogate_kind': 'gp', 'surrogate_min_samples': 35, 'surrogate_retrain_freq': 10, 'uncertainty_threshold': 0.23994362910538697, 'surrogate_min_r2_activate': 0.3634159012386432, 'surrogate_min_r2_deactivate': 0.5208787923016158, 'grad_refinement_pct_init': 0.024164622299156457, 'gradient_step_init': 0.11849199770905948, 'elitist_diversity_threshold': 0.001227380098785297}"
COO,california,1,ok,0.261765897,"[0.40082351, 0.09273531, 0.26192396, 1.0, 0.71607085, 1.0, 0.19728473, 0.36998259, 1.0, 0.0]",205078.0262,"[-0.2890228033065796, -0.2736084461212158, -0.2736084461212158, -0.2736084461212158, -0.2694326639175415, -0.2694326639175415, -0.2694326639175415, -0.26176589727401733, -0.26176589727401733, -0.26176589727401733, -0.26176589727401733, -0.26176589727401733, -0.26176589727401733, -0.26176589727401733, -0.26176589727401733, -0.26176589727401733, -0.26176589727401733]","[array([0.86660827, 0.94980599, 0.826407  , 0.85411544, 0.0987434 ,
       0.65130433, 0.70351699, 0.61024081, 0.79961526, 0.03457122]), array([0.23872036, 0.        , 0.37807887, 0.85091619, 1.        ,
       0.61322338, 1.        , 0.7034071 , 1.        , 0.48364673]), array([0.23872036, 0.        , 0.37807887, 0.85091619, 1.        ,
       0.61322338, 1.        , 0.7034071 , 1.        , 0.48364673]), array([0.23872036, 0.        , 0.37807887, 0.85091619, 1.        ,
       0.61322338, 1.        , 0.7034071 , 1.        , 0.48364673]), array([0.81728222, 0.15106143, 0.39613579, 0.67802506, 0.        ,
       0.62517471, 0.40739519, 0.        , 0.60024059, 0.42711257]), array([0.81728222, 0.15106143, 0.39613579, 0.67802506, 0.        ,
       0.62517471, 0.40739519, 0.        , 0.60024059, 0.42711257]), array([0.81728222, 0.15106143, 0.39613579, 0.67802506, 0.        ,
       0.62517471, 0.40739519, 0.        , 0.60024059, 0.42711257]), array([0.40082351, 0.09273531, 0.26192396, 1.        , 0.71607085,
       1.        , 0.19728473, 0.36998259, 1.        , 0.        ]), array([0.40082351, 0.09273531, 0.26192396, 1.        , 0.71607085,
       1.        , 0.19728473, 0.36998259, 1.        , 0.        ]), array([0.40082351, 0.09273531, 0.26192396, 1.        , 0.71607085,
       1.        , 0.19728473, 0.36998259, 1.        , 0.        ]), array([0.40082351, 0.09273531, 0.26192396, 1.        , 0.71607085,
       1.        , 0.19728473, 0.36998259, 1.        , 0.        ]), array([0.40082351, 0.09273531, 0.26192396, 1.        , 0.71607085,
       1.        , 0.19728473, 0.36998259, 1.        , 0.        ]), array([0.40082351, 0.09273531, 0.26192396, 1.        , 0.71607085,
       1.        , 0.19728473, 0.36998259, 1.        , 0.        ]), array([0.40082351, 0.09273531, 0.26192396, 1.        , 0.71607085,
       1.        , 0.19728473, 0.36998259, 1.        , 0.        ]), array([0.40082351, 0.09273531, 0.26192396, 1.        , 0.71607085,
       1.        , 0.19728473, 0.36998259, 1.        , 0.        ]), array([0.40082351, 0.09273531, 0.26192396, 1.        , 0.71607085,
       1.        , 0.19728473, 0.36998259, 1.        , 0.        ]), array([0.40082351, 0.09273531, 0.26192396, 1.        , 0.71607085,
       1.        , 0.19728473, 0.36998259, 1.        , 0.        ])]",6609,,"{'n_packs': 6, 'init_pack_size': 27, 'min_pack_size': 9, 'surrogate_enabled': True, 'surrogate_kind': 'gp', 'surrogate_min_samples': 35, 'surrogate_retrain_freq': 10, 'uncertainty_threshold': 0.23994362910538697, 'surrogate_min_r2_activate': 0.3634159012386432, 'surrogate_min_r2_deactivate': 0.5208787923016158, 'grad_refinement_pct_init': 0.024164622299156457, 'gradient_step_init': 0.11849199770905948, 'elitist_diversity_threshold': 0.001227380098785297}"
DE,california,2,ok,0.240019754,"[0.09044898, 0.11381579, 0.81817505, 0.75956719, 0.40948483, 0.81536417, 0.22174669, 0.87648336, 0.83396714, 0.02300395]",211155.7501,"[0.26161104440689087, 0.25446996092796326, 1000000000000.0, 0.2614251673221588, 0.2683299779891968, 0.240019753575325, 0.2677413523197174, 0.240019753575325, 0.240019753575325, 0.240019753575325, 0.240019753575325, 0.2614251673221588, 0.2481691837310791, 0.240019753575325, 0.240019753575325, 0.2614251673221588, 0.240019753575325, 0.240019753575325, 0.240019753575325, 0.240019753575325, 0.240019753575325, 0.240019753575325, 0.240019753575325, 0.2542174458503723, 0.2614251673221588, 0.2614251673221588, 0.240019753575325, 0.2683299779891968, 0.240019753575325, 0.240019753575325, 0.24478758871555328, 0.240019753575325, 0.240019753575325, 0.240019753575325, 0.240019753575325, 0.240019753575325, 0.2781377136707306, 0.240019753575325, 0.240019753575325, 0.240019753575325, 0.240019753575325, 0.240019753575325, 0.240019753575325, 0.240019753575325, 0.240019753575325, 0.240019753575325, 0.240019753575325, 0.240019753575325, 0.240019753575325, 0.240019753575325]",,7140,,"{'popsize': 14, 'mutation': 0.8655000144869414, 'recombination': 0.7489954563585539}"
COO,california,2,ok,0.227774173,"[0.0, 0.1513536, 0.17116118, 1.0, 0.36422631, 0.56071853, 0.85485783, 0.64385155, 0.91077751, 0.67056914]",211246.491,"[-0.2624495029449463, -0.2624495029449463, -0.24822579324245453, -0.24822579324245453, -0.24822579324245453, -0.24063968658447266, -0.24063968658447266, -0.24063968658447266, -0.24063968658447266, -0.24063968658447266, -0.24063968658447266, -0.24063968658447266, -0.24063968658447266, -0.24063968658447266, -0.22917166352272034, -0.22917166352272034, -0.22917166352272034, -0.22917166352272034, -0.22917166352272034, -0.22917166352272034, -0.22917166352272034, -0.22917166352272034, -0.22777417302131653, -0.22777417302131653, -0.22777417302131653, -0.22777417302131653, -0.22777417302131653, -0.22777417302131653, -0.22777417302131653, -0.22777417302131653, -0.22777417302131653, -0.22777417302131653]","[array([0.31568076, 0.58552633, 0.58182729, 0.8312495 , 0.39194938,
       0.14962274, 0.0397408 , 0.19801349, 0.93421823, 0.03721911]), array([0.31568076, 0.58552633, 0.58182729, 0.8312495 , 0.39194938,
       0.14962274, 0.0397408 , 0.19801349, 0.93421823, 0.03721911]), array([0.04496657, 0.39350252, 0.65957675, 0.93934587, 0.44518794,
       0.32287109, 0.17100254, 0.        , 0.86550391, 0.09525073]), array([0.04496657, 0.39350252, 0.65957675, 0.93934587, 0.44518794,
       0.32287109, 0.17100254, 0.        , 0.86550391, 0.09525073]), array([0.04496657, 0.39350252, 0.65957675, 0.93934587, 0.44518794,
       0.32287109, 0.17100254, 0.        , 0.86550391, 0.09525073]), array([0.        , 0.91989792, 0.69101286, 1.        , 0.49271777,
       0.48608519, 0.29973218, 0.14461917, 1.        , 0.11986576]), array([0.        , 0.91989792, 0.69101286, 1.        , 0.49271777,
       0.48608519, 0.29973218, 0.14461917, 1.        , 0.11986576]), array([0.        , 0.91989792, 0.69101286, 1.        , 0.49271777,
       0.48608519, 0.29973218, 0.14461917, 1.        , 0.11986576]), array([0.        , 0.91989792, 0.69101286, 1.        , 0.49271777,
       0.48608519, 0.29973218, 0.14461917, 1.        , 0.11986576]), array([0.        , 0.91989792, 0.69101286, 1.        , 0.49271777,
       0.48608519, 0.29973218, 0.14461917, 1.        , 0.11986576]), array([0.        , 0.91989792, 0.69101286, 1.        , 0.49271777,
       0.48608519, 0.29973218, 0.14461917, 1.        , 0.11986576]), array([0.        , 0.91989792, 0.69101286, 1.        , 0.49271777,
       0.48608519, 0.29973218, 0.14461917, 1.        , 0.11986576]), array([0.        , 0.91989792, 0.69101286, 1.        , 0.49271777,
       0.48608519, 0.29973218, 0.14461917, 1.        , 0.11986576]), array([0.        , 0.91989792, 0.69101286, 1.        , 0.49271777,
       0.48608519, 0.29973218, 0.14461917, 1.        , 0.11986576]), array([0.        , 0.33587216, 0.        , 1.        , 0.40315883,
       0.78869895, 0.99694486, 0.93818059, 1.        , 0.20125565]), array([0.        , 0.33587216, 0.        , 1.        , 0.40315883,
       0.78869895, 0.99694486, 0.93818059, 1.        , 0.20125565]), array([0.        , 0.33587216, 0.        , 1.        , 0.40315883,
       0.78869895, 0.99694486, 0.93818059, 1.        , 0.20125565]), array([0.        , 0.33587216, 0.        , 1.        , 0.40315883,
       0.78869895, 0.99694486, 0.93818059, 1.        , 0.20125565]), array([0.        , 0.33587216, 0.        , 1.        , 0.40315883,
       0.78869895, 0.99694486, 0.93818059, 1.        , 0.20125565]), array([0.        , 0.33587216, 0.        , 1.        , 0.40315883,
       0.78869895, 0.99694486, 0.93818059, 1.        , 0.20125565]), array([0.        , 0.33587216, 0.        , 1.        , 0.40315883,
       0.78869895, 0.99694486, 0.93818059, 1.        , 0.20125565]), array([0.        , 0.33587216, 0.        , 1.        , 0.40315883,
       0.78869895, 0.99694486, 0.93818059, 1.        , 0.20125565]), array([0.        , 0.1513536 , 0.17116118, 1.        , 0.36422631,
       0.56071853, 0.85485783, 0.64385155, 0.91077751, 0.67056914]), array([0.        , 0.1513536 , 0.17116118, 1.        , 0.36422631,
       0.56071853, 0.85485783, 0.64385155, 0.91077751, 0.67056914]), array([0.        , 0.1513536 , 0.17116118, 1.        , 0.36422631,
       0.56071853, 0.85485783, 0.64385155, 0.91077751, 0.67056914]), array([0.        , 0.1513536 , 0.17116118, 1.        , 0.36422631,
       0.56071853, 0.85485783, 0.64385155, 0.91077751, 0.67056914]), array([0.        , 0.1513536 , 0.17116118, 1.        , 0.36422631,
       0.56071853, 0.85485783, 0.64385155, 0.91077751, 0.67056914]), array([0.        , 0.1513536 , 0.17116118, 1.        , 0.36422631,
       0.56071853, 0.85485783, 0.64385155, 0.91077751, 0.67056914]), array([0.        , 0.1513536 , 0.17116118, 1.        , 0.36422631,
       0.56071853, 0.85485783, 0.64385155, 0.91077751, 0.67056914]), array([0.        , 0.1513536 , 0.17116118, 1.        , 0.36422631,
       0.56071853, 0.85485783, 0.64385155, 0.91077751, 0.67056914]), array([0.        , 0.1513536 , 0.17116118, 1.        , 0.36422631,
       0.56071853, 0.85485783, 0.64385155, 0.91077751, 0.67056914]), array([0.        , 0.1513536 , 0.17116118, 1.        , 0.36422631,
       0.56071853, 0.85485783, 0.64385155, 0.91077751, 0.67056914])]",10977,,"{'n_packs': 6, 'init_pack_size': 27, 'min_pack_size': 9, 'surrogate_enabled': True, 'surrogate_kind': 'gp', 'surrogate_min_samples': 35, 'surrogate_retrain_freq': 10, 'uncertainty_threshold': 0.23994362910538697, 'surrogate_min_r2_activate': 0.3634159012386432, 'surrogate_min_r2_deactivate': 0.5208787923016158, 'grad_refinement_pct_init': 0.024164622299156457, 'gradient_step_init': 0.11849199770905948, 'elitist_diversity_threshold': 0.001227380098785297}"
DE,diabetes,0,ok,3224.648926,"[0.37609848, 0.85568661, 0.04235358, 0.08459654, 0.85593426, 0.78488712, 0.34634297, 0.43908464, 0.04130901, 0.79440399]",33059.7516,"[3441.6640625, 3632.698974609375, 3603.573974609375, 3328.480224609375, 3271.2412109375, 3267.835205078125, 3239.965576171875, 3270.97265625, 3266.156494140625, 3270.97265625, 3317.369140625, 3270.97265625, 3270.97265625, 3270.97265625, 3306.99462890625, 3302.040283203125, 3256.447021484375, 3277.77880859375, 3301.197021484375, 3234.419189453125, 3266.7626953125, 3252.375732421875, 3326.5185546875, 3270.97265625, 3316.85888671875, 3249.69287109375, 3300.21875, 3270.97265625, 3265.674560546875, 3270.97265625, 3231.58984375, 3258.109619140625, 3274.904052734375, 3249.16357421875, 3308.97509765625, 3331.221923828125]",,2590,,"{'popsize': 7, 'mutation': 0.8063233020424545, 'recombination': 0.6508362588074066}"
COO,diabetes,2,ok,2868.011475,"[0.0, 0.60816889, 0.62817099, 0.22230219, 0.24252929, 0.84074957, 0.40254732, 0.39445324, 0.0025324, 0.70573941]",36599.6363,"[-2930.1376953125, -2930.1376953125, -2930.1376953125, -2930.1376953125, -2930.1376953125, -2930.1376953125, -2930.1376953125, -2868.011474609375, -2868.011474609375, -2868.011474609375, -2868.011474609375, -2868.011474609375, -2868.011474609375, -2868.011474609375, -2868.011474609375, -2868.011474609375, -2868.011474609375]","[array([0.30061178, 0.59701655, 0.57281229, 0.26544347, 0.24873429,
       0.28967549, 0.87594007, 0.01875815, 0.09163641, 0.34120996]), array([0.30061178, 0.59701655, 0.57281229, 0.26544347, 0.24873429,
       0.28967549, 0.87594007, 0.01875815, 0.09163641, 0.34120996]), array([0.30061178, 0.59701655, 0.57281229, 0.26544347, 0.24873429,
       0.28967549, 0.87594007, 0.01875815, 0.09163641, 0.34120996]), array([0.30061178, 0.59701655, 0.57281229, 0.26544347, 0.24873429,
       0.28967549, 0.87594007, 0.01875815, 0.09163641, 0.34120996]), array([0.30061178, 0.59701655, 0.57281229, 0.26544347, 0.24873429,
       0.28967549, 0.87594007, 0.01875815, 0.09163641, 0.34120996]), array([0.30061178, 0.59701655, 0.57281229, 0.26544347, 0.24873429,
       0.28967549, 0.87594007, 0.01875815, 0.09163641, 0.34120996]), array([0.30061178, 0.59701655, 0.57281229, 0.26544347, 0.24873429,
       0.28967549, 0.87594007, 0.01875815, 0.09163641, 0.34120996]), array([0.        , 0.60816889, 0.62817099, 0.22230219, 0.24252929,
       0.84074957, 0.40254732, 0.39445324, 0.0025324 , 0.70573941]), array([0.        , 0.60816889, 0.62817099, 0.22230219, 0.24252929,
       0.84074957, 0.40254732, 0.39445324, 0.0025324 , 0.70573941]), array([0.        , 0.60816889, 0.62817099, 0.22230219, 0.24252929,
       0.84074957, 0.40254732, 0.39445324, 0.0025324 , 0.70573941]), array([0.        , 0.60816889, 0.62817099, 0.22230219, 0.24252929,
       0.84074957, 0.40254732, 0.39445324, 0.0025324 , 0.70573941]), array([0.        , 0.60816889, 0.62817099, 0.22230219, 0.24252929,
       0.84074957, 0.40254732, 0.39445324, 0.0025324 , 0.70573941]), array([0.        , 0.60816889, 0.62817099, 0.22230219, 0.24252929,
       0.84074957, 0.40254732, 0.39445324, 0.0025324 , 0.70573941]), array([0.        , 0.60816889, 0.62817099, 0.22230219, 0.24252929,
       0.84074957, 0.40254732, 0.39445324, 0.0025324 , 0.70573941]), array([0.        , 0.60816889, 0.62817099, 0.22230219, 0.24252929,
       0.84074957, 0.40254732, 0.39445324, 0.0025324 , 0.70573941]), array([0.        , 0.60816889, 0.62817099, 0.22230219, 0.24252929,
       0.84074957, 0.40254732, 0.39445324, 0.0025324 , 0.70573941]), array([0.        , 0.60816889, 0.62817099, 0.22230219, 0.24252929,
       0.84074957, 0.40254732, 0.39445324, 0.0025324 , 0.70573941])]",6612,,"{'n_packs': 6, 'init_pack_size': 27, 'min_pack_size': 9, 'surrogate_enabled': True, 'surrogate_kind': 'gp', 'surrogate_min_samples': 35, 'surrogate_retrain_freq': 10, 'uncertainty_threshold': 0.23994362910538697, 'surrogate_min_r2_activate': 0.3634159012386432, 'surrogate_min_r2_deactivate': 0.5208787923016158, 'grad_refinement_pct_init': 0.024164622299156457, 'gradient_step_init': 0.11849199770905948, 'elitist_diversity_threshold': 0.001227380098785297}"
DE,diabetes,2,ok,2913.726807,"[0.03386173, 0.84637191, 0.16459969, 0.3489524, 0.00962085, 0.0644443, 0.74335522, 0.86718538, 0.20729592, 0.92981115]",54382.1285,"[3278.180419921875, 2962.9521484375, 2962.9521484375, 329835.34375, 2962.9521484375, 2962.9521484375, 2962.9521484375, 329835.34375, 2962.9521484375, 3001.56982421875, 2962.9521484375, 2962.9521484375, 2962.9521484375, 3008.2958984375, 33218.90625, 3618.736328125, 2962.9521484375, 3040.02099609375, 3014.169189453125, 3040.02099609375, 3040.02099609375, 3040.02099609375, 3040.02099609375, 2957.825927734375, 2913.726806640625, 2913.726806640625, 2906.527099609375, 2906.626220703125, 2913.726806640625, 2932.923095703125, 2913.726806640625, 2938.081298828125, 2913.726806640625, 2913.726806640625, 2918.38330078125, 2913.726806640625, 2923.560791015625, 2913.726806640625, 2913.726806640625, 2913.726806640625, 2913.726806640625, 2913.726806640625, 2913.726806640625, 3023.23583984375, 2913.726806640625, 2913.726806640625, 2913.726806640625, 2913.726806640625, 2902.115234375, 2913.726806640625]",,3570,,"{'popsize': 7, 'mutation': 0.8063233020424545, 'recombination': 0.6508362588074066}"
DE,diabetes,1,ok,2820.00708,"[0.91480019, 0.63831175, 0.02431978, 0.85218411, 0.14250136, 0.45306054, 0.9800058, 0.93014013, 0.74258766, 0.77848406]",78332.0981,"[3048.468994140625, 2982.14892578125, 2982.14892578125, 2982.14892578125, 2984.991943359375, 2982.14892578125, 2924.53466796875, 3013.463134765625, 3280.523193359375, 2981.3154296875, 2938.490234375, 2981.3154296875, 3089.0634765625, 3089.0634765625, 3089.0634765625, 3089.0634765625, 1000000000000.0, 1000000000000.0, 1000000000000.0, 1000000000000.0, 1000000000000.0, 1000000000000.0, 1000000000000.0, 1000000000000.0, 1000000000000.0, 1000000000000.0, 1000000000000.0, 1000000000000.0, 1000000000000.0, 1000000000000.0, 1000000000000.0, 1000000000000.0, 1000000000000.0, 1000000000000.0, 2820.007080078125, 2820.007080078125, 2820.007080078125, 2820.007080078125, 2820.007080078125, 2820.007080078125, 2820.007080078125, 2820.007080078125, 2820.007080078125, 2820.007080078125, 2820.007080078125, 2820.007080078125, 2820.007080078125, 2820.007080078125, 2820.007080078125, 2820.007080078125]",,3570,,"{'popsize': 7, 'mutation': 0.8063233020424545, 'recombination': 0.6508362588074066}"
COO,diabetes,0,ok,3155.62793,"[0.0, 0.14570418, 0.04725844, 0.71799196, 0.1706738, 0.32425173, 0.04316946, 0.64272528, 0.6945413, 1.0]",82346.054,"[-3271.364013671875, -3233.67626953125, -3233.67626953125, -3233.67626953125, -3211.501708984375, -3211.501708984375, -3211.501708984375, -3174.977783203125, -3174.977783203125, -3174.977783203125, -3155.6279296875, -3155.6279296875, -3155.6279296875, -3155.6279296875, -3155.6279296875, -3155.6279296875, -3155.6279296875, -3155.6279296875, -3155.6279296875, -3155.6279296875]","[array([0.3050467 , 0.5579874 , 0.98244488, 0.40044853, 0.6658714 ,
       0.40087956, 0.76819466, 0.52771473, 0.23752314, 0.2713061 ]), array([1.        , 0.96602642, 0.97283022, 0.16662335, 0.49538529,
       0.65883756, 0.36851955, 0.62263151, 0.2278017 , 0.63895926]), array([1.        , 0.96602642, 0.97283022, 0.16662335, 0.49538529,
       0.65883756, 0.36851955, 0.62263151, 0.2278017 , 0.63895926]), array([1.        , 0.96602642, 0.97283022, 0.16662335, 0.49538529,
       0.65883756, 0.36851955, 0.62263151, 0.2278017 , 0.63895926]), array([0.        , 1.        , 1.        , 0.61402954, 0.        ,
       0.15844441, 0.1872956 , 0.10114969, 0.71421033, 1.        ]), array([0.        , 1.        , 1.        , 0.61402954, 0.        ,
       0.15844441, 0.1872956 , 0.10114969, 0.71421033, 1.        ]), array([0.        , 1.        , 1.        , 0.61402954, 0.        ,
       0.15844441, 0.1872956 , 0.10114969, 0.71421033, 1.        ]), array([0.08925461, 0.91291898, 0.80729807, 1.        , 0.        ,
       0.        , 0.40151999, 0.45114548, 0.51372379, 1.        ]), array([0.08925461, 0.91291898, 0.80729807, 1.        , 0.        ,
       0.        , 0.40151999, 0.45114548, 0.51372379, 1.        ]), array([0.08925461, 0.91291898, 0.80729807, 1.        , 0.        ,
       0.        , 0.40151999, 0.45114548, 0.51372379, 1.        ]), array([0.        , 0.14570418, 0.04725844, 0.71799196, 0.1706738 ,
       0.32425173, 0.04316946, 0.64272528, 0.6945413 , 1.        ]), array([0.        , 0.14570418, 0.04725844, 0.71799196, 0.1706738 ,
       0.32425173, 0.04316946, 0.64272528, 0.6945413 , 1.        ]), array([0.        , 0.14570418, 0.04725844, 0.71799196, 0.1706738 ,
       0.32425173, 0.04316946, 0.64272528, 0.6945413 , 1.        ]), array([0.        , 0.14570418, 0.04725844, 0.71799196, 0.1706738 ,
       0.32425173, 0.04316946, 0.64272528, 0.6945413 , 1.        ]), array([0.        , 0.14570418, 0.04725844, 0.71799196, 0.1706738 ,
       0.32425173, 0.04316946, 0.64272528, 0.6945413 , 1.        ]), array([0.        , 0.14570418, 0.04725844, 0.71799196, 0.1706738 ,
       0.32425173, 0.04316946, 0.64272528, 0.6945413 , 1.        ]), array([0.        , 0.14570418, 0.04725844, 0.71799196, 0.1706738 ,
       0.32425173, 0.04316946, 0.64272528, 0.6945413 , 1.        ]), array([0.        , 0.14570418, 0.04725844, 0.71799196, 0.1706738 ,
       0.32425173, 0.04316946, 0.64272528, 0.6945413 , 1.        ]), array([0.        , 0.14570418, 0.04725844, 0.71799196, 0.1706738 ,
       0.32425173, 0.04316946, 0.64272528, 0.6945413 , 1.        ]), array([0.        , 0.14570418, 0.04725844, 0.71799196, 0.1706738 ,
       0.32425173, 0.04316946, 0.64272528, 0.6945413 , 1.        ])]",7602,,"{'n_packs': 6, 'init_pack_size': 27, 'min_pack_size': 9, 'surrogate_enabled': True, 'surrogate_kind': 'gp', 'surrogate_min_samples': 35, 'surrogate_retrain_freq': 10, 'uncertainty_threshold': 0.23994362910538697, 'surrogate_min_r2_activate': 0.3634159012386432, 'surrogate_min_r2_deactivate': 0.5208787923016158, 'grad_refinement_pct_init': 0.024164622299156457, 'gradient_step_init': 0.11849199770905948, 'elitist_diversity_threshold': 0.001227380098785297}"
COO,diabetes,1,ok,2730.929688,"[0.81111631, 0.0, 0.77016075, 1.0, 0.91833858, 0.69780112, 0.52101384, 0.5273764, 0.84134585, 0.59892885]",132531.335,"[-2954.595458984375, -2925.363037109375, -2921.619873046875, -2921.619873046875, -2911.6181640625, -2911.6181640625, -2911.6181640625, -2911.6181640625, -2911.6181640625, -2892.447021484375, -2892.447021484375, -2888.250732421875, -2888.250732421875, -2888.250732421875, -2888.250732421875, -2888.250732421875, -2879.31591796875, -2879.31591796875, -2879.31591796875, -2879.31591796875, -2879.31591796875, -2879.31591796875, -2879.0234375, -2797.380859375, -2730.9296875, -2730.9296875, -2730.9296875, -2730.9296875, -2730.9296875, -2730.9296875, -2730.9296875, -2730.9296875, -2730.9296875, -2730.9296875]","[array([0.80598493, 0.86848812, 0.6696466 , 0.80777886, 0.89749828,
       0.45382995, 0.5578253 , 0.50613113, 0.6919839 , 0.68290687]), array([0.19304249, 0.3814819 , 0.84464228, 0.8490704 , 0.81106491,
       0.87750754, 0.5534164 , 0.35315377, 0.78359954, 0.8079907 ]), array([0.70702718, 0.        , 0.83485569, 1.        , 0.6561729 ,
       1.        , 0.53015087, 0.80153411, 1.        , 0.66153134]), array([0.70702718, 0.        , 0.83485569, 1.        , 0.6561729 ,
       1.        , 0.53015087, 0.80153411, 1.        , 0.66153134]), array([0.14617858, 0.56452961, 1.        , 0.86246026, 0.78651983,
       0.42427279, 0.        , 1.        , 0.94584471, 0.62311387]), array([0.14617858, 0.56452961, 1.        , 0.86246026, 0.78651983,
       0.42427279, 0.        , 1.        , 0.94584471, 0.62311387]), array([0.14617858, 0.56452961, 1.        , 0.86246026, 0.78651983,
       0.42427279, 0.        , 1.        , 0.94584471, 0.62311387]), array([0.14617858, 0.56452961, 1.        , 0.86246026, 0.78651983,
       0.42427279, 0.        , 1.        , 0.94584471, 0.62311387]), array([0.14617858, 0.56452961, 1.        , 0.86246026, 0.78651983,
       0.42427279, 0.        , 1.        , 0.94584471, 0.62311387]), array([1.        , 0.        , 0.49383501, 0.89472058, 1.        ,
       0.77239718, 0.37591247, 0.7198745 , 0.85128845, 0.65977429]), array([1.        , 0.        , 0.49383501, 0.89472058, 1.        ,
       0.77239718, 0.37591247, 0.7198745 , 0.85128845, 0.65977429]), array([1.        , 0.        , 0.83073583, 0.9258895 , 1.        ,
       0.7853017 , 0.32382219, 0.42291481, 0.70750263, 0.68314552]), array([1.        , 0.        , 0.83073583, 0.9258895 , 1.        ,
       0.7853017 , 0.32382219, 0.42291481, 0.70750263, 0.68314552]), array([1.        , 0.        , 0.83073583, 0.9258895 , 1.        ,
       0.7853017 , 0.32382219, 0.42291481, 0.70750263, 0.68314552]), array([1.        , 0.        , 0.83073583, 0.9258895 , 1.        ,
       0.7853017 , 0.32382219, 0.42291481, 0.70750263, 0.68314552]), array([1.        , 0.        , 0.83073583, 0.9258895 , 1.        ,
       0.7853017 , 0.32382219, 0.42291481, 0.70750263, 0.68314552]), array([0.43978459, 0.        , 0.11814084, 1.        , 0.73367895,
       0.77973954, 1.        , 0.84644713, 0.91186678, 0.58715799]), array([0.43978459, 0.        , 0.11814084, 1.        , 0.73367895,
       0.77973954, 1.        , 0.84644713, 0.91186678, 0.58715799]), array([0.43978459, 0.        , 0.11814084, 1.        , 0.73367895,
       0.77973954, 1.        , 0.84644713, 0.91186678, 0.58715799]), array([0.43978459, 0.        , 0.11814084, 1.        , 0.73367895,
       0.77973954, 1.        , 0.84644713, 0.91186678, 0.58715799]), array([0.43978459, 0.        , 0.11814084, 1.        , 0.73367895,
       0.77973954, 1.        , 0.84644713, 0.91186678, 0.58715799]), array([0.43978459, 0.        , 0.11814084, 1.        , 0.73367895,
       0.77973954, 1.        , 0.84644713, 0.91186678, 0.58715799]), array([1.        , 0.16300624, 0.18788364, 0.9826    , 1.        ,
       0.80963465, 0.97138652, 0.19110951, 0.94913754, 0.98169307]), array([1.        , 0.        , 0.91779359, 0.89903547, 1.        ,
       0.65701297, 0.55645449, 0.78169818, 0.67709637, 0.69595549]), array([0.81111631, 0.        , 0.77016075, 1.        , 0.91833858,
       0.69780112, 0.52101384, 0.5273764 , 0.84134585, 0.59892885]), array([0.81111631, 0.        , 0.77016075, 1.        , 0.91833858,
       0.69780112, 0.52101384, 0.5273764 , 0.84134585, 0.59892885]), array([0.81111631, 0.        , 0.77016075, 1.        , 0.91833858,
       0.69780112, 0.52101384, 0.5273764 , 0.84134585, 0.59892885]), array([0.81111631, 0.        , 0.77016075, 1.        , 0.91833858,
       0.69780112, 0.52101384, 0.5273764 , 0.84134585, 0.59892885]), array([0.81111631, 0.        , 0.77016075, 1.        , 0.91833858,
       0.69780112, 0.52101384, 0.5273764 , 0.84134585, 0.59892885]), array([0.81111631, 0.        , 0.77016075, 1.        , 0.91833858,
       0.69780112, 0.52101384, 0.5273764 , 0.84134585, 0.59892885]), array([0.81111631, 0.        , 0.77016075, 1.        , 0.91833858,
       0.69780112, 0.52101384, 0.5273764 , 0.84134585, 0.59892885]), array([0.81111631, 0.        , 0.77016075, 1.        , 0.91833858,
       0.69780112, 0.52101384, 0.5273764 , 0.84134585, 0.59892885]), array([0.81111631, 0.        , 0.77016075, 1.        , 0.91833858,
       0.69780112, 0.52101384, 0.5273764 , 0.84134585, 0.59892885]), array([0.81111631, 0.        , 0.77016075, 1.        , 0.91833858,
       0.69780112, 0.52101384, 0.5273764 , 0.84134585, 0.59892885])]",11472,,"{'n_packs': 6, 'init_pack_size': 27, 'min_pack_size': 9, 'surrogate_enabled': True, 'surrogate_kind': 'gp', 'surrogate_min_samples': 35, 'surrogate_retrain_freq': 10, 'uncertainty_threshold': 0.23994362910538697, 'surrogate_min_r2_activate': 0.3634159012386432, 'surrogate_min_r2_deactivate': 0.5208787923016158, 'grad_refinement_pct_init': 0.024164622299156457, 'gradient_step_init': 0.11849199770905948, 'elitist_diversity_threshold': 0.001227380098785297}"
